Nvert,init,tarjan,split,merge,user,elapsed,system,pCPU
1000000,0.084526,2.392843,0.124397,0.000000,5.45,2.18,5.54,137;
1000000,0.084117,2.314847,0.124761,0.000000,5.40,1.98,3.50,210;
1000000,0.089247,2.243173,0.131113,0.000000,5.12,2.05,3.30,217;
1000000,0.117861,2.383302,0.165974,0.000000,5.54,2.22,3.49,222;
1000000,0.088305,2.149195,0.167080,0.000000,4.86,2.04,5.36,128;
1000000,0.083655,2.323619,0.122911,0.000000,5.52,1.89,3.27,226;
1000000,0.117211,2.202534,0.162332,0.000000,5.09,2.06,3.29,217;
1000000,0.083338,2.343995,0.122904,0.000000,5.52,1.94,3.50,213;
1000000,0.084052,2.387603,0.123315,0.000000,5.51,2.09,3.49,217;
1000000,0.083992,2.368690,0.124298,0.000000,5.55,2.01,4.93,153;
1000000,0.083983,2.305940,0.125462,0.000000,5.31,2.05,3.50,209;
1000000,0.117573,2.236634,0.170397,0.000000,5.48,1.89,3.49,211;
1000000,0.117676,2.215544,0.159705,0.000000,5.31,1.87,3.29,217;
1000000,0.083791,2.362160,0.125053,0.000000,5.40,2.12,3.12,240;
1000000,0.084669,2.411304,0.127523,0.000000,5.57,2.11,4.89,156;
1000000,0.083468,2.417846,0.125038,0.000000,5.57,2.12,3.50,220;
1000000,0.085798,2.370977,0.124369,0.000000,5.44,2.12,3.53,214;
1000000,0.083263,2.469515,0.127539,0.000000,5.80,2.04,3.46,226;
1000000,0.083861,2.615503,0.123249,0.000000,5.90,2.38,3.70,223;
1000000,0.120503,2.403345,0.160355,0.000000,5.79,2.14,5.13,154;
1000000,0.084038,2.297658,0.122896,0.000000,5.46,1.88,3.29,222;
1000000,0.084236,2.452443,0.126579,0.000000,5.76,2.03,3.49,222;
1000000,0.085863,2.327234,0.125378,0.000000,5.54,1.88,3.50,212;
1000000,0.083183,2.304982,0.123759,0.000000,5.31,2.03,3.50,210;
1000000,0.117090,2.337455,0.167938,0.000000,5.74,2.01,5.13,150;
