Nvert,init,tarjan,split,merge,user,elapsed,system,pCPU
1000000,0.083226,3.378438,0.125087,0.000000,5.07,1.97,4.21,167;
1000000,0.089446,2.786536,0.125751,0.000000,4.17,1.70,6.57,89;
1000000,0.116769,2.750774,0.164411,0.000000,4.16,1.68,3.60,162;
1000000,0.118024,3.158123,0.164416,0.000000,4.95,1.74,4.21,158;
1000000,0.084337,2.708341,0.127330,0.000000,4.14,1.54,5.65,100;
1000000,0.083515,2.889391,0.127362,0.000000,4.24,1.83,4.93,123;
1000000,0.119022,2.856842,0.166420,0.000000,4.34,1.73,3.90,155;
1000000,0.119573,2.828467,0.166523,0.000000,4.42,1.59,3.70,162;
1000000,0.083624,2.692641,0.168807,0.000000,4.14,1.53,4.93,115;
1000000,0.082845,2.710915,0.131020,0.000000,4.10,1.59,4.72,120;
1000000,0.084286,3.080260,0.128418,0.000000,4.67,1.78,4.11,156;
1000000,0.117350,2.779354,0.170425,0.000000,4.15,1.76,3.80,155;
1000000,0.081772,3.017392,0.125457,0.000000,4.67,1.64,5.24,120;
1000000,0.120760,2.853644,0.164421,0.000000,4.33,1.74,4.93,123;
1000000,0.082651,3.193836,0.124845,0.000000,4.77,1.90,3.95,168;
1000000,0.117940,2.857046,0.162665,0.000000,4.31,1.76,3.65,166;
1000000,0.083260,3.142021,0.126523,0.000000,4.89,1.68,7.75,84;
1000000,0.118114,3.028176,0.161455,0.000000,4.57,1.83,3.85,166;
1000000,0.082719,3.165159,0.126072,0.000000,4.84,1.78,4.01,165;
1000000,0.082372,2.794496,0.127437,0.000000,4.07,1.79,5.37,109;
1000000,0.115741,2.800547,0.163989,0.000000,4.35,1.60,4.79,124;
1000000,0.083054,3.087077,0.127105,0.000000,4.68,1.78,3.91,165;
1000000,0.081790,3.111568,0.127343,0.000000,4.69,1.81,3.91,166;
1000000,0.081592,2.796612,0.126496,0.000000,4.19,1.68,4.86,120;
1000000,0.082907,2.791236,0.127132,0.000000,4.12,1.74,4.79,122;
